# Reference list for art-provenance-check: 291 people, built 2026-10-04
# Source: Wikidata (CC0), query in data/build_reference_list.py
# Each entry is a research hint for provenance research, not a judgement about a person.
wikidata;name;aliases;born;died;description;source_status;category
Q329815;Abraham Bredius;;1855;1946;Dutch art collector, art historian, and museum curator (1855–1946);aliu;in ALIU-Berichten genannt (1944–1946)
Q19839920;Achille Boitel;Achilles Boite | Achilles Boitl | Boitel, Achilles;1898;1944;French industrialist and Nazi collaborator;aliu;in ALIU-Berichten genannt (1944–1946)
Q15428510;Adolf Weinmüller;Weinmeuller | Weinmueller;1886;1958;German art dealer and Nazi party member who trafficked in looted art (1886-1958);aliu;in ALIU-Berichten genannt (1944–1946)
Q47309996;Adolf Wuester;Adolf Wüster;1888;1972;German art dealer, artist, member of the ERR Nazi looting organisation Reichsleiter Rosenberg Taskforce(1888-1972);aliu;in ALIU-Berichten genannt (1944–1946)
Q110393072;Albert Boudariat;;1880;1974;French decorator and art dealer;aliu;in ALIU-Berichten genannt (1944–1946)
Q131763171;Albert Loewenisch;Albert Loevenisch;;;German art dealer 1900-1952;aliu;in ALIU-Berichten genannt (1944–1946)
Q117451;Albert Skira;Albert Schira;1904;1973;Swiss magazine publisher and art dealer (1904-1973);aliu;in ALIU-Berichten genannt (1944–1946)
Q3609940;Alessandro Contini-Bonacossi;Alessandro Contini Bonacossi | Conte Alessandro Contini Bonacossi | Contini-Bonacossi | Count Contini-Bonacossi;1878;1955;Italian art collector, dealer and politician (1878-1955);aliu;in ALIU-Berichten genannt (1944–1946)
Q16558664;Alessandro Morandotti;Alesandro Morandotti | Dr Alexander Morandotti;1909;1979;Italian art dealer (1909-1979);aliu;in ALIU-Berichten genannt (1944–1946)
Q56218741;Alexander Ball;A. Ball | A.&R. Ball | A.R. Ball | Alex Ball;;;Art dealer;aliu;in ALIU-Berichten genannt (1944–1946)
Q1740997;Alexander Kreuter;A. Kreuter | Geheimrat A. Kreuter | Geheimrat Kreuter;1886;1977;German businessman, Nazi SS 1886-1977;aliu;in ALIU-Berichten genannt (1944–1946)
Q86533;Alexander Langsdorff;Alexander Dietrich Langsdorff;1898;1946;German archaeologist and prehistorian, Nazi party, Kunstschutz (1898–1946);aliu;in ALIU-Berichten genannt (1944–1946)
Q138527173;Alexandre Popoff;Alexandre Alexandrovich Popoff;;;Russian born French art dealer (b. 1885);aliu;in ALIU-Berichten genannt (1944–1946)
Q84510192;Alfred Bödeker;Alfred Boedecker | Alfred Boedeker;;;art dealer;aliu;in ALIU-Berichten genannt (1944–1946)
Q71987689;Alfred Daber;;1950;;art dealer;aliu;in ALIU-Berichten genannt (1944–1946)
Q74128;Alfred Flechtheim;Galerie Flechtheim;1878;1937;German Jewish art dealer, persecuted by Nazis (1878-1937);verfolgung | restitution;dokumentierte NS-Verfolgung (§ 44 KGSG) | Bezug zu Entziehungs- oder Restitutionsfall
Q116157813;Alfred Flesche;Dr. Flesche;;;German director of LIRO Bank used for Nazi looting in the Netherlands;aliu;in ALIU-Berichten genannt (1944–1946)
Q19336233;Alfred Lindon;Abner Lindenbaum | Alfred Lindenbaum;1867;1948;French Jewish art collector (1867-1948);restitution;Bezug zu Entziehungs- oder Restitutionsfall
Q123054966;Alfred Zantop;;;;printer and art dealer;aliu;in ALIU-Berichten genannt (1944–1946)
Q46442189;Alice Manteau;Mme Cloots | Mrs Alice Manteau;;;art dealer;aliu;in ALIU-Berichten genannt (1944–1946)
Q59100120;Allen Loebl;A. L. | A. Lebel | A. Loebl | Ali Loebl | Allan Loebl | Ally Loebl;;;art dealer, Kleinberger in France;aliu;in ALIU-Berichten genannt (1944–1946)
Q18639521;Alois Miedl;;1903;1970;German art dealer (1903-1990);aliu;in ALIU-Berichten genannt (1944–1946)
Q4735374;Alphonse Kann;;1870;1948;French Jewish art collector looted by Nazis (1870-1948);restitution;Bezug zu Entziehungs- oder Restitutionsfall
Q459041;Ambroise Vollard;A. Vollard | Ambrose Vollard | Vollard;1866;1939;French art dealer (1866–1939);restitution;Bezug zu Entziehungs- oder Restitutionsfall
Q69555013;Andre Schoeller;André Charles SCHOELLER | André Schoeller;1879;1955;art historian, expert at Hôtel Drouot auction house (1879-1955);aliu;in ALIU-Berichten genannt (1944–1946)
Q123054761;Andres Lazaro;;;;art trade WWII;aliu;in ALIU-Berichten genannt (1944–1946)
Q123053808;André Gabison;;;;French agent in WWII;aliu;in ALIU-Berichten genannt (1944–1946)
Q62521329;Anna Jaffé;Anna Emilie Gluge | Anna Emilie Jaffé-Gluge | Anna Jaffé, née Gluge;1845;1942;Belgian-French art collector persecuted by Nazis because of Jewish heritage;restitution;Bezug zu Entziehungs- oder Restitutionsfall
Q44966041;Anne-Marie von Tomforde;Annemarie von Ingram | Annemarie von Tomford | Frau von Ingram | Frl Anne-Marie von Tomforde;;;Member of Paris ERR staff;aliu;in ALIU-Berichten genannt (1944–1946)
Q592767;Anton Philips;A.F. Philips | Anton Frederik Philips;1874;1951;Dutch Jewish industrialist and art collector (1874–1951);verfolgung | restitution;dokumentierte NS-Verfolgung (§ 44 KGSG) | Bezug zu Entziehungs- oder Restitutionsfall
Q3622896;Armando Brasini;;1879;1965;Italian architect (1879-1965);aliu;in ALIU-Berichten genannt (1944–1946)
Q565598;Armin von Gerkan;;1884;1969;Baltic German classical archaeologist (1885–1969);aliu;in ALIU-Berichten genannt (1944–1946)
Q61055;Arno Breker;;1900;1991;German sculptor and architect (1900–1991);aliu;in ALIU-Berichten genannt (1944–1946)
Q94979681;Arthur Goldschmidt;;1891;;"art dealer; partner of Paul Graupe (born 1891)";aliu;in ALIU-Berichten genannt (1944–1946)
Q60523377;Arthur Pfannstiel;A. Pfannstiel | Arthur S. Pfannstiel;1901;1984;translator of Hitler and Celine, art dealer, writer;aliu;in ALIU-Berichten genannt (1944–1946)
Q115857351;Arthur Stemmer;;1880;1954;Austrian Jewish art collector and refugee (1880-1954);verfolgung;dokumentierte NS-Verfolgung (§ 44 KGSG)
Q94629130;Arthur de Heuval;Arthur de Heuvel;1887;;Dutch art dealer (1887-;aliu;in ALIU-Berichten genannt (1944–1946)
Q123054833;Arturo Linares;;;;Spanish art dealer;aliu;in ALIU-Berichten genannt (1944–1946)
Q78656;August Eigruber;;1907;1947;Austrian Nazi politician, Gauleiter of Oberdonau and Landeshauptmann of Upper Austria (1907-1947);aliu;in ALIU-Berichten genannt (1944–1946)
Q97599695;Avogli Trotti;Avogli-Trotti | Avogli-Trotti, René Graf v. | Count René Avogli Trotti | Renato Avogli Trotti | René Avogli Trotti;1875;1946;art dealer;aliu;in ALIU-Berichten genannt (1944–1946)
Q74696086;Baron von Poellnitz;Baron Gerhard von Pölnitz | Baron von Pollnitz | Baron von Poulnitz | Gerhard Freiherr von Pölnitz | Gerhard von Pölnitz | von Poellnitz | von pöllnitz;;;Luftwaffe officer involved in WWII art market;aliu;in ALIU-Berichten genannt (1944–1946)
Q817926;Benno Geiger;Dr. Benno Geiger | Egon E. Nerbig;1882;1965;Austrian art historian, art dealer, author and translator, Nazi (1882-1965);aliu;in ALIU-Berichten genannt (1944–1946)
Q113541338;Bernard Poissonnier;;;;French art dealer (1898–ca. 2000);aliu;in ALIU-Berichten genannt (1944–1946)
Q47309827;Bernard Rademacher;Dr. Bernard Rademacher;;;German art dealer involved in looting;aliu;in ALIU-Berichten genannt (1944–1946)
Q824677;Bernhard A. Böhmer;Bernard Aloysius Böhmer | Bernhard A. Boehmer | Bernhard Boehmer;1892;1945;German art dealer used by the Third Reich, sculptor and painter (1892-1945);aliu;in ALIU-Berichten genannt (1944–1946)
Q15455396;Bernhard Degenhart;Degenhart, Dr Bernard;1907;1999;art historian, museum director and ERR member (Nazi looting organisation) 1907-1999;aliu;in ALIU-Berichten genannt (1944–1946)
Q825450;Bernhard Koehler;Bernhard Köhler;1849;1927;German art collector (1849-1927);restitution;Bezug zu Entziehungs- oder Restitutionsfall
Q89582;Bruno Lohse;Wilhelm Peter Bruno Lohse;1911;2007;German Nazi art dealer, chief art looter in Paris for Hermann Göring, ERR;aliu | restitution;in ALIU-Berichten genannt (1944–1946) | Bezug zu Entziehungs- oder Restitutionsfall
Q1037482;Carl Diesch;Carl Hermann Kaulfuss-Diesch | Karl Diesch;1880;1957;German librarian (1880-1957);aliu;in ALIU-Berichten genannt (1944–1946)
Q1039808;Carl Montag;Charles Montag;1880;1956;Swiss and French painter and art dealer (1880-1956);aliu;in ALIU-Berichten genannt (1944–1946)
Q17278554;Carl Schellenberg;Dr. Karl Schellenberg;1898;1968;German art historian (1898-1968);aliu;in ALIU-Berichten genannt (1944–1946)
Q61662;Carl Sternheim;William Adolf Carl Sternheim;1878;1942;German writer and art collector (1878-1942);verfolgung;dokumentierte NS-Verfolgung (§ 44 KGSG)
Q35269258;Carlos Jahn;Carlo Jahn | Jahn Carlos;;;German art dealer, Nazi;aliu;in ALIU-Berichten genannt (1944–1946)
Q17278484;Catalina von Pannwitz;Catalina Carolina Friedericke Georgine Roth | Frau von Pannwitz;1876;1959;Dutch-German art collector (1876-1959);verfolgung | restitution;dokumentierte NS-Verfolgung (§ 44 KGSG) | Bezug zu Entziehungs- oder Restitutionsfall
Q123054632;Charles Koninckx;Charles Georges Koninckx;;;Belgian;aliu;in ALIU-Berichten genannt (1944–1946)
Q19822490;Christoph Bernoulli;Carl Christoph Friedrich Bernoulli;1897;1981;Swiss art dealer and art historian (1897-1981);aliu;in ALIU-Berichten genannt (1944–1946)
Q15143412;Cornelius Gurlitt;Rolf Nikolaus Cornelius Gurlitt;1932;2014;German art collector (1932–2014), son of Hitler's art dealer Hildebrand Gurlitt;restitution;Bezug zu Entziehungs- oder Restitutionsfall
Q112450;Curt Glaser;Kurt Glaser;1879;1943;German Jewish art historian and art collector persecuted by Nazis, refugee (1879-1943);verfolgung | restitution;dokumentierte NS-Verfolgung (§ 44 KGSG) | Bezug zu Entziehungs- oder Restitutionsfall
Q16855618;César Mange de Hauke;Cesar Mange de Haucke | Cesar Monge de Haucke | César M. de Hauke | César de Hauke | de Haucke;1900;1965;art dealer and historian (1900–1965);aliu;in ALIU-Berichten genannt (1944–1946)
Q2274956;Daniël George van Beuningen;D.G. van Beuningen | Daniel George van Beuningen;1877;1955;Dutch coal businessman, art collector, and philanthropist (1877-1955);aliu;in ALIU-Berichten genannt (1944–1946)
Q94516264;Daniël Wolf;Daniel Wolf;1898;1943;Dutch businessman (and pledgeholder for works looted by Nazis in WWII) (1898-1943);restitution;Bezug zu Entziehungs- oder Restitutionsfall
Q55747441;Dirk Albert Hoogendijk;D A Hoogendijk | D. A. Hoogendijk | D.A. Hoogendijk;1895;1975;Dutch art dealer, gallerist (1895-1975);aliu | restitution;in ALIU-Berichten genannt (1944–1946) | Bezug zu Entziehungs- oder Restitutionsfall
Q5280823;Dirk Hannema;Dr Hannema | Dr. Dirk Hannema;1895;1984;Dutch art collector, museum director, member of Seyss-Inquart organisation (1895-1984);aliu;in ALIU-Berichten genannt (1944–1946)
Q69009771;Dolly Feierabend;Dolly Engel | Frau Feierabend;;;art market actor and wife of Olympic skier;aliu;in ALIU-Berichten genannt (1944–1946)
Q69399893;Dr. Armstedt;Armstedt;;;The Hague. Director of Devisenschutkommando;aliu;in ALIU-Berichten genannt (1944–1946)
Q35275336;Dr. Willi Raeber;Willi Raeber;;;Art Dealer, President of Swiss Art Trading Association;aliu | restitution;in ALIU-Berichten genannt (1944–1946) | Bezug zu Entziehungs- oder Restitutionsfall
Q126093027;Edouard Gras;;;;French art expert in charge of Jewish goods during Nazi occupation;aliu;in ALIU-Berichten genannt (1944–1946)
Q19753824;Eduard Plietzsch;Eduard Plietsch | Eduard Plietzseh | Jan Altenburg | Plietsch | Plietsch, Dr. E. | Plietzsch, Dr Eduard;1886;1961;German art art dealer, co-director Galerie Van Diemen, member Nazi looting org Dienststelle Muehlmann in Holland (1886 - 1961);aliu | restitution;in ALIU-Berichten genannt (1944–1946) | Bezug zu Entziehungs- oder Restitutionsfall
Q1290744;Eduard von der Heydt;Baron Eduard von der Heydt | Baron von der Heydt | Eduard Freiherr von der Heydt;1882;1964;banker, art collector, Nazi (1882-1964);aliu;in ALIU-Berichten genannt (1944–1946)
Q43301751;Edward Speelman;Edward Joseph Speelman | Edward Speelman, Ltd.;1910;1994;British art dealer (1910-1994);restitution;Bezug zu Entziehungs- oder Restitutionsfall
Q47153510;Elfriede Langeloh;Frau Langeloh;;;German art dealer active in France;aliu;in ALIU-Berichten genannt (1944–1946)
Q96297;Emil Georg Bührle;Buehrle | E.G. Bührle | Emil Buehrle | Emil Bührle | Emil Georg Buehrle;1890;1956;Swiss businessman of German origin, arms industrialist and art collector (1890-1956);aliu;in ALIU-Berichten genannt (1944–1946)
Q99038;Emil Kunze;Dr. Prof Emil Kunze;1901;1994;German archaeologist (1901-1994);aliu;in ALIU-Berichten genannt (1944–1946)
Q96178;Emil Puhl;Emil Johann Puhl | Emil Johann Rudolf Puhl;1889;1962;German Nazi banker, VP Deutsche Bank,BIS, convicted of war crimes at Nuremberg (1889-1962);aliu;in ALIU-Berichten genannt (1944–1946)
Q1350820;Erhard Göpel;Dr. E. Göpel | Erhard Goepel | Goepel | Goepel, Dr Erhard;1906;1966;German art historian, Hitler's Linz agent (1906-1966);aliu;in ALIU-Berichten genannt (1944–1946)
Q123054912;Erich Schiffman;;;;Austrian businessman and spy (b.1920);aliu;in ALIU-Berichten genannt (1944–1946)
Q55104322;Erik Berger;Dr. Erik Berger | Dr. Erik Burg Berger | Eric Burg Berger;;;art dealer;aliu;in ALIU-Berichten genannt (1944–1946)
Q28870269;Erika Hanfstaengl;;1912;2003;German art historian involved in art looting (1912-2003);aliu;in ALIU-Berichten genannt (1944–1946)
Q18221525;Ernest Brummer;Brummer, E.;1891;1964;archeologist, gallery owner, and collector (1891-1964);aliu;in ALIU-Berichten genannt (1944–1946)
Q72127;Ernst Boepple;;1887;1950;German Nazi Bavarian minister of culture, general, convicted war criminal (1887-1950);aliu;in ALIU-Berichten genannt (1944–1946)
Q1357676;Ernst Buchner;;1892;1962;German art historian, director of the Bavarian State Paintings Collection during the Third Reich (1933-1945), and postwar (1953-1957);aliu;in ALIU-Berichten genannt (1944–1946)
Q55676631;Ernst Heinrich Zimmermann;E. Heinrich Zimmermann | Heinrich Zimmermann;1886;1971;German museum director and art historian (1886-1971);aliu;in ALIU-Berichten genannt (1944–1946)
Q50918914;Ernst Proehl;E.P.C.H. Proehl | Ernst Paul Caesar Heinrich Proehl;1885;1973;Dutch art collector (1885-1973);aliu;in ALIU-Berichten genannt (1944–1946)
Q98806862;Ettore Sestieri;Dott. Ettore Sestieri | Prof. Ettore Sestieri;;;Italian art dealer;aliu;in ALIU-Berichten genannt (1944–1946)
Q105486431;Eugen Bruschwiler;E. Brüschwiler | Eugen Bruschwiller | Eugen Brüschwiler | Eugen Brüschwiller;;;art dealer, Nazi party member, friend of Hitler;aliu;in ALIU-Berichten genannt (1944–1946)
Q53563347;Eugene Thaw;E. V. Thaw | Eugene V. Thaw | Eugene Victor Thaw;1927;2018;American art collector and philanthropist (1927–2018);restitution;Bezug zu Entziehungs- oder Restitutionsfall
Q107644676;Eugenio Ventura;;;;Italian art dealer involved in Nazi-looted art (1887-1949);aliu;in ALIU-Berichten genannt (1944–1946)
Q11921706;Federico Gentili Di Giuseppe;Frederico Gentili di Giuseppe;1868;1940;Italian-French Jewish art collector (1868-1940);restitution;Bezug zu Entziehungs- oder Restitutionsfall
Q457663;Felix Kersten;Eduard Alexander Felix Kersten | Eduard Alexander-Felix Kersten | Kersten, Eduard Alexander-Felix;1898;1960;Finnish masseur for Heinrich Himmler (1898-1960);aliu;in ALIU-Berichten genannt (1944–1946)
Q1403596;Felix Kuetgens;Dr Kuetgens | Kuetgens | Kuetgens, Dr Felix;1890;1976;German art historian and museum director (1890-1976);aliu;in ALIU-Berichten genannt (1944–1946)
Q97693098;Ferruccio Asta;Asta, Ferruccio;1900;1952;Italian art dealer (1900-1952);aliu;in ALIU-Berichten genannt (1944–1946)
Q1446452;Franz Catzenstein;Francis Matthiesen | Franz Zatzenstein, Berlin | Galerie Matthiesen | Zatzenstein;1898;1963;German art dealer (1898-1963);restitution;Bezug zu Entziehungs- oder Restitutionsfall
Q1447791;Franz Kieslinger;Dr Franz Kieslinger | Dr. Kiesslinger | Kiesslinger;1891;1955;Austrian art historian and businessman involved in looting with the Dienststelle Mühlmann;aliu;in ALIU-Berichten genannt (1944–1946)
Q15810322;Franz Wolff-Metternich;Franz Florentin Maria Graf Wolff-Metternich zur Gracht | Franz von Wolff-Metternich | Franziskus Graf Wolff Metternich zur Gracht | Graf Franz Wolff-Metternich;1893;1978;"German art historian (1893-1978) ; affiant in Hostages Trial (NMT 7)";aliu;in ALIU-Berichten genannt (1944–1946)
Q47152433;Frau Maria Gillhausen,;Frau Maria Gillhausen | Maria Gillhausen;;;German art dealer;aliu;in ALIU-Berichten genannt (1944–1946)
Q67200644;Frau Wismer May;Frau May | May, Fr. (Frau) | Mrs Wismer May;1904;;art dealer, intermediary (b.1904);aliu;in ALIU-Berichten genannt (1944–1946)
Q33315010;Frederick Mont;A.F. Mondschein | Adolf Fritz Mondschein | F. Mondschein | Frederick (Adolf Fritz) Mont (Mondschein) | Frederick Mondschein | Frederick Mont, Inc | Frederick, Dr. Mont | Frederik Mont | Fritz Mondschein | Frtis Mondschein | Mondschein | Mont Inc. | frederick Mont;1894;1994;Austrian art dealer, owner of Frederick Mont Inc in NY and Galerie Sanct Lucas in Vienna (1894-1994);restitution;Bezug zu Entziehungs- oder Restitutionsfall
Q5503811;Friedrich Gutmann;Bernhard Gutman | F.B.E. Gutmann | Fr. Gutmann, Haarlem | Friederich Bernhard Eugen Gutmann | Fritz Bernhard Eugen Gutmann | Fritz Gutmann | Fritz Gutmann, Heemstede;1886;1944;Dutch Jewish art collector, murdered in the Holocaust (1886-1944);verfolgung | restitution;dokumentierte NS-Verfolgung (§ 44 KGSG) | Bezug zu Entziehungs- oder Restitutionsfall
Q536607;Friedrich Heinrich Zinckgraf;;1878;1954;German art dealer and philatelist (1878-1954);aliu;in ALIU-Berichten genannt (1944–1946)
Q1415278;Friedrich Muthmann;Dr Muthmann | Fritz Muthmann;1901;1981;German Nazi art historian, museum director archaeologist and diplomat (1901-1981);aliu;in ALIU-Berichten genannt (1944–1946)
Q1462781;Friedrich Welz;Welz, Friedrich Maximilian;1903;1980;Austrian art dealer, publisher, Nazi party member (1903-1980);aliu;in ALIU-Berichten genannt (1944–1946)
Q29001877;Friedrich Wolffhardt;Dr. Friedrich Wolffhardt | Wolffhardt, Dr. Friedrich;1899;1945;German SS librarian for Linz museum involved in looting;aliu;in ALIU-Berichten genannt (1944–1946)
Q17417910;Fritz Dworschak;Dr Fritz Dworschak | Friedrich Dworschak;1890;1974;Austrian numismatist, art historian, museum director, Nazi party member (1890–1974);aliu;in ALIU-Berichten genannt (1944–1946)
Q1418856;Fritz Nathan;Dr. Fritz Nathan | Fritz Mathan | Fritz Najean;1895;1972;art dealer, adviser to Emil Bührle and Oskar Reinhart (1895-1972);aliu | restitution;in ALIU-Berichten genannt (1944–1946) | Bezug zu Entziehungs- oder Restitutionsfall
Q695289;Fritz Wotruba;Wortruba | Wotruba;1907;1975;Austrian sculptor (1907–1975);aliu;in ALIU-Berichten genannt (1944–1946)
Q37518649;Gaston de Villers;Gaston Bernheim | Gaston Bernheim Jeane | Gaston Bernheim Jeune | Gaston Bernheim de Villers | Gaston Bernheim-Jeane | Gaston De Villers | Gaston, jeune Bernheim | Gaston, the younger Bernheim;1870;1953;Belgian art dealer, painter, portraitist, and graphic artist, co-owner of Bernheim-Jeune (1870-1953);restitution;Bezug zu Entziehungs- oder Restitutionsfall
Q3102590;Georges Delfanne;George Henri Delfanne;1913;1947;Belgian collaborator, German agent, art trafficker (1913-1947);aliu;in ALIU-Berichten genannt (1944–1946)
Q100708518;Georges Destrem;;;;art dealer on ALIU red flag list;aliu;in ALIU-Berichten genannt (1944–1946)
Q108128372;Georges Renand;;1879;1968;art dealer (1879-1968);aliu;in ALIU-Berichten genannt (1944–1946)
Q89820;Gerdy Troost;Frau Troost | Gerdy Andresen | Gerhardine Troost;1904;2003;"German art dealer, purchaser for Linz and personal adviser in art matters to Hitler.; architect";aliu;in ALIU-Berichten genannt (1944–1946)
Q123091326;Gerhard Fritze;;;;German banker;aliu;in ALIU-Berichten genannt (1944–1946)
Q1512684;Gerhard Utikal;;1912;1982;head of Einsatzstab Reichsleiter Rosenberg looting organisation (1912-1982);aliu;in ALIU-Berichten genannt (1944–1946)
Q214993;Gerhard Wolf;Dr Gerhard Wolf;1896;1971;German diplomat, Nazi party member (1896-1971);aliu;in ALIU-Berichten genannt (1944–1946)
Q1515139;Gert Adriani;Gerd Adriani;1908;1989;"German art historian; director of Kunsthistorisches Museum, Vienna (1908-1989)";aliu;in ALIU-Berichten genannt (1944–1946)
Q125423735;Giorgio Sangiorgi;;1886;;Italian art dealer (1886–1960);aliu;in ALIU-Berichten genannt (1944–1946)
Q58097786;Gisela Limberger;;1893;;Göring's private secretary (1893-1980);aliu;in ALIU-Berichten genannt (1944–1946)
Q47035126;Gottfried Tanner;;;;Swiss art dealer, president Swiss art dealers association (1880–1958);aliu;in ALIU-Berichten genannt (1944–1946)
Q17277888;Gottlieb Friedrich Reber;Dr. G.F. Reber | G.F., Dr. Reber | Gottlieb Friedrich Reber Dr. | Gottlieb Friedrich, Dr. Reber | Gottlieb Reber | J.F., Dr. Reber;1880;1959;Swiss art dealer and art collector (1880-1959);aliu;in ALIU-Berichten genannt (1944–1946)
Q47311897;Graf Alexander von Frey;A. G. von Frey | Alexander von Frey | Count Alexander von Frey;;;art dealer active in Switzerland (1882–1951);aliu;in ALIU-Berichten genannt (1944–1946)
Q99270;Gustav Abb;Abb, Dr. Gustav | Dr Gustav Abb | Gustav thick thorn Abb;1886;1945;German Nazi Librarian (1886-1945);aliu;in ALIU-Berichten genannt (1944–1946)
Q19753895;Gustav Barthel;;1903;1972;German museum director and Nazi party member (1903-1972);aliu;in ALIU-Berichten genannt (1944–1946)
Q97393718;Gustav Cramer;Gustav Kramer;1881;1961;Dutch art dealer in the Hague;aliu;in ALIU-Berichten genannt (1944–1946)
Q1556283;Gustav Rau;;1922;2002;German physician and art collector (1922-2002);restitution;Bezug zu Entziehungs- oder Restitutionsfall
Q19661348;Gustav Rochlitz;Gustav Theodor Rochlitz;1889;1972;German art dealer of Paris and Baden-Baden who was a key figure in the looting of art during the Second World War (1889-1972);aliu;in ALIU-Berichten genannt (1944–1946)
Q1561792;Günther Schiedlausky;Guenther Schiedlausky;1907;2003;German art historian, ERR member;aliu;in ALIU-Berichten genannt (1944–1946)
Q47309569;Hans Bamman;Hans Bammann;;;German art dealer, member of ERR art looting organization, Einsatzstab Reichsleiter Rosenberg;aliu;in ALIU-Berichten genannt (1944–1946)
Q138544177;Hans Bernard Joseph Rohrbach;;;;Director of the Antwerp shipping firm Cosmos;aliu;in ALIU-Berichten genannt (1944–1946)
Q86722;Hans Fischböck;Fischboeck | Fischböck | Hans Fischboeck;1895;1967;Austrian banker and Nazi Minister of Finance in Austria following the Anschluss (1895-1967);aliu;in ALIU-Berichten genannt (1944–1946)
Q1579789;Hans Gerhard Evers;;1900;1993;German art historian (1900-1993);aliu;in ALIU-Berichten genannt (1944–1946)
Q57472;Hans Heinrich Lammers;Hans Lammers | Heinrich Lammers;1879;1962;German jurist, Nazi politician, and Head of the Reich Chancellery (1879-1962);aliu;in ALIU-Berichten genannt (1944–1946)
Q59715867;Hans Hellmut Klihm;Dr. Hans Hellmut Klihm | Hans Klihm | Hans Klim;1917;1980;German art dealer;aliu;in ALIU-Berichten genannt (1944–1946)
Q56598743;Hans Herbst;"""Johann"" Herbst | Dr. Hans Herbst";;;Director of the Dorotheum auction house in Vienna;aliu;in ALIU-Berichten genannt (1944–1946)
Q1580489;Hans Joachim Apffelstaedt;Apfelstädt, Dr. Hans Joachim | Hanns Joachim Apffelstaedt | Hans Joachim Apfelstaedt | Hans-Joachim Apffestaedt;1902;1944;German art historian (1902-1944);aliu;in ALIU-Berichten genannt (1944–1946)
Q18704516;Hans Lange;Hans W Lange | Hans W. Lange | Hans Walter Lange | Hans Wolfgang Lange;1904;1945;Nazi era art dealer, auction house owner involved in works of art acquired in occupied countries (1904–1945);aliu | restitution;in ALIU-Berichten genannt (1944–1946) | Bezug zu Entziehungs- oder Restitutionsfall
Q108711277;Hans Ludwig Larsen;H.L. Larsen;1892;1937;Dutch art collector of Wassenaar (1892-1937) whose family was persecuted by the Nazis because Jewish;verfolgung | restitution;dokumentierte NS-Verfolgung (§ 44 KGSG) | Bezug zu Entziehungs- oder Restitutionsfall
Q47531169;Hans Martin Sauermann;Hans Sauermann | Sauermann, Dr Hans Martin;1885;1961;German art dealer (1885 - 1961);aliu;in ALIU-Berichten genannt (1944–1946)
Q95937;Hans Posse;Dr. Hans Posse | Posse, Prof Dr Hans;1879;1942;"German art historian, Hitler's special representative for planned ""Führermuseum"" in Linz, Austria";aliu | restitution;in ALIU-Berichten genannt (1944–1946) | Bezug zu Entziehungs- oder Restitutionsfall
Q122861473;Hans Reger;;;;German museum director, Sonderauftrag Linz;aliu;in ALIU-Berichten genannt (1944–1946)
Q56808059;Hans Schedelmann;Schedelmann;1894;1948;Art dealer;aliu;in ALIU-Berichten genannt (1944–1946)
Q19997532;Hans Schneider;Dr. Hans Schneider;1888;1953;Swiss-Dutch art historian, dealer and curator of the Mauritshuis at The Hague (1888-1953);aliu;in ALIU-Berichten genannt (1944–1946)
Q19753899;Hans Tintelnot;Hans Julius Leonhard Wilhelm August Tintelnot;1909;1970;German art historian, Nazi party member;aliu;in ALIU-Berichten genannt (1944–1946)
Q19661388;Hans Wendland;Dr. Hans Otto Carl Wendland | Hans Adolf Wendland | Hans Otto Carl Wendland;1880;1972;German art dealer, dealt in looted art in France (1880-1965);aliu | restitution;in ALIU-Berichten genannt (1944–1946) | Bezug zu Entziehungs- oder Restitutionsfall
Q66102218;Hans Wetzlar;;;1977;Dutch art dealer (died 1977);aliu;in ALIU-Berichten genannt (1944–1946)
Q57437;Heinrich Hoffmann;Heinrich Hoffman | Heinrich hoffmann;1885;1957;German photographer, personal photographer of Adolf Hitler (1885-1957);aliu;in ALIU-Berichten genannt (1944–1946)
Q54871962;Heinrich Leporini;Dr. Heinrich Leporini | Mario Arrigo Giuseppe de Leporini;1875;1964;Austrian art historian, museum director, NAZI (9. July 1875 - 22. June1964);aliu;in ALIU-Berichten genannt (1944–1946)
Q66992;Heinz Berggruen;Heinz Berggrün;1914;2007;art dealer, author (1914-2007);restitution;Bezug zu Entziehungs- oder Restitutionsfall
Q19647580;Heinz Rudolf Rosemann;;1900;1977;German art historian (1900-1977);aliu;in ALIU-Berichten genannt (1944–1946)
Q1602213;Helga Kreuter-Eggemann;Dr. EGGEMANN | Eggemann | Fräulein Dr. EGGEMANN | Kreuter-Eggemann;1914;1970;German art historian, Reichsleiter Rosenberg Taskforce (1914-1970);aliu;in ALIU-Berichten genannt (1944–1946)
Q120783962;Helmut von Hummel;Helmut Hummel Edler von Hassenfels;1910;2012;Nazi SS private secretary to Martin Bornmanns (1910-2012);aliu;in ALIU-Berichten genannt (1944–1946)
Q126095999;Helmuth Beyer;;;;Commercial Attache, German Legation, Bern;aliu;in ALIU-Berichten genannt (1944–1946)
Q117837845;Henri Baudoin;;1876;1963;French auctioneer and art collector (1876-1963);aliu;in ALIU-Berichten genannt (1944–1946)
Q55627623;Herbert Wiedt;;;;German art dealer working in Holland;aliu;in ALIU-Berichten genannt (1944–1946)
Q40430281;Hermann Abels;;1892;1956;art dealer in Cologne, part of well-known art dealing family (1892-1956);aliu;in ALIU-Berichten genannt (1944–1946)
Q15432931;Hermann Bunjes;Bunjes, Dr Hermann;1911;1945;German art historian (1911-1945);aliu;in ALIU-Berichten genannt (1944–1946)
Q47906;Hermann Göring;Field Marshal Hermann Goering | Hermann Wilhelm Goering | Reichsjägermeister;1893;1946;German Nazi politician, military leader, and convicted war criminal (1893–1946);restitution;Bezug zu Entziehungs- oder Restitutionsfall
Q1612982;Hermann Voss;Herman Voss;1884;1969;"German art historian, Director of Adolf Hitler's Linz Museum Project (""Special Commission: Linz"") (1884–1969)";aliu;in ALIU-Berichten genannt (1944–1946)
Q15126735;Hildebrand Gurlitt;H. Gurlitt;1895;1956;German art dealer authorized by Third Reich to sell looted art, historian;aliu | restitution;in ALIU-Berichten genannt (1944–1946) | Bezug zu Entziehungs- oder Restitutionsfall
Q18704505;Howard Young;H. Young | S Howard Young | Stephen Howard Young;1878;1972;American art collector and art dealer (1878-1972);restitution;Bezug zu Entziehungs- oder Restitutionsfall
Q123050520;Hugo Barcas;;;;Spanish industrialist and intermediary in art during WWII;aliu;in ALIU-Berichten genannt (1944–1946)
Q69010980;Hugo Engel;;;;German art dealer, gallery owner;aliu;in ALIU-Berichten genannt (1944–1946)
Q97486396;Ildebrando Bossi;;;;art dealer;aliu;in ALIU-Berichten genannt (1944–1946)
Q112331783;Irmgard Fritsch;Irmgart Fritsch;;;German art dealer and collector;aliu;in ALIU-Berichten genannt (1944–1946)
Q47311228;Isador Rosner;;;;French art dealer;aliu;in ALIU-Berichten genannt (1944–1946)
Q17177416;Jacques Dubourg;;1897;1981;French art dealer (1897-1981);aliu;in ALIU-Berichten genannt (1944–1946)
Q98072146;Jakob Scheidwimmer;Jackob Scheidwimmer | Jacob Scheidwimmer | Jacob Schweidwimmer | Schweidwimmer, Jakob;1895;;Nazi art dealer (b. 1895;aliu;in ALIU-Berichten genannt (1944–1946)
Q97323691;Jane Weyll;Jeanne Weyll;;;art dealer;aliu;in ALIU-Berichten genannt (1944–1946)
Q47487008;Jean Charpentier;;1891;;French art gallery owner (b. 1891);aliu;in ALIU-Berichten genannt (1944–1946)
Q136326135;Jean Krebs;;;;Belgian art dealer;aliu;in ALIU-Berichten genannt (1944–1946)
Q47310876;Jean Paul Louis Duthey;;;;French art dealer on ALIU Red Flag List;aliu;in ALIU-Berichten genannt (1944–1946)
Q63981732;Jean Schmit;;1895;1975;art dealer, antique dealer (1895-1975);aliu;in ALIU-Berichten genannt (1944–1946)
Q109927021;Jean-François Lefranc;;;;French art dealer, Vichy-appointed administrator of the Schloss Collection;aliu;in ALIU-Berichten genannt (1944–1946)
Q96282;Joachim Werner;;1909;1994;German archaeologist (1909-1994);aliu;in ALIU-Berichten genannt (1944–1946)
Q94689256;Joachim Wolfgang von Moltke;J.W. von Moltke | Joachim Wolfgang Graf von Moltke;1909;2002;German art historian and director of the Kunsthalle Bielefeld in Bielefeld (1909-2002);aliu;in ALIU-Berichten genannt (1944–1946)
Q28977099;Johannes Hinrichsen;;1884;1971;German sculptor and art dealer, early buyer for Goering (1884-1971);aliu;in ALIU-Berichten genannt (1944–1946)
Q18612590;Josef Angerer;Sepp Angerer;1899;1961;Rug merchant and art dealer who acted as an agent for Hermann Göring's private art collection during the Second World War;aliu;in ALIU-Berichten genannt (1944–1946)
Q77764;Josef Bürckel;Bürckel | Josef Buerckel;1895;1944;German Nazi politician, Gauleiter of Vienna (1895–1944);aliu;in ALIU-Berichten genannt (1944–1946)
Q57552668;Josef Mühlmann;Josef Mathäus Mühlmann | Joseph Muehlmann | Joseph Mühlmann;1886;1972;art historian, art dealer, involved in Nazi art looting (1886–1972);aliu;in ALIU-Berichten genannt (1944–1946)
Q686396;Josef Thorak;Joseph Thorak | Thorak | j. thorak | josef thorak | joseph thorak | thorak;1889;1952;Austrian sculptor (1889–1952);aliu;in ALIU-Berichten genannt (1944–1946)
Q121295311;Jules Chauvin;;;;French art dealer;aliu;in ALIU-Berichten genannt (1944–1946)
Q96189184;Jules Féral;J. Féral | Jules Feral | Jules-Eugène-Féral;1874;1944;French art dealer (1874-1944);aliu;in ALIU-Berichten genannt (1944–1946)
Q77974540;Jules Strauss;;1861;1943;art collector plundered during German occupation (1861-1943);verfolgung | restitution;dokumentierte NS-Verfolgung (§ 44 KGSG) | Bezug zu Entziehungs- oder Restitutionsfall
Q47530987;Julius Böhler Jr.;Julius Böhler | Julius Böhler Jr | Julius Harry Boehler | Julius Harry Böhler;1907;1979;art dealer, Nazi, dealt in looted art (b. 1907- d. 1979);aliu;in ALIU-Berichten genannt (1944–1946)
Q63643099;Julius Hahn;Theodor Julius Hahn;1877;1948;German art dealer, auction house owner (1877-1948);aliu;in ALIU-Berichten genannt (1944–1946)
Q17421944;Justin Thannhauser;Justin K. Thannhauser;1892;1976;German art dealer (1892-1976);restitution;Bezug zu Entziehungs- oder Restitutionsfall
Q93890;Kajetan Mühlmann;"Cajetan Mühlmann | Kai Mühlmann | Kajetan ""Kai"" Mühlmann | Kajetan Muehlmann";1898;1958;Art historian, art plunderer and dealer on behalf of the Nazis (1898–1958);aliu;in ALIU-Berichten genannt (1944–1946)
Q15431273;Karl Buchholz;;1901;1992;German art dealer, Nazi collaborator, gallery owner, bookseller (1901–1992);aliu | restitution;in ALIU-Berichten genannt (1944–1946) | Bezug zu Entziehungs- oder Restitutionsfall
Q1731388;Karl Haberstock;;1878;1956;German art dealer, WWII art looter (1878-1956);aliu | restitution;in ALIU-Berichten genannt (1944–1946) | Bezug zu Entziehungs- oder Restitutionsfall
Q110482630;Karl Kress;;1900;;German photographer for the E.R.R. (1900-;aliu;in ALIU-Berichten genannt (1944–1946)
Q105306335;Karl Legat;K. A. Legat;1902;1953;German art dealer resident in Holland (1902-1953);aliu;in ALIU-Berichten genannt (1944–1946)
Q56806405;Karl Polhammer;Dr. Karl Polhammer | Karl Pollhammer | Prof Dr Karl Polhammer;;;Austrian art historian and picture restorer involved in looting;aliu;in ALIU-Berichten genannt (1944–1946)
Q29001878;Karl W. Bümming;Carl Bümming | Carl W. Buemming | Karl Buemming;1899;1963;German art dealer (1899-1963);aliu;in ALIU-Berichten genannt (1944–1946)
Q1729833;Karl-Heinz Clasen;Karl Heinz Clasen;1883;1979;German art historian and Nazi party member (1883-1979);aliu;in ALIU-Berichten genannt (1944–1946)
Q66087839;Klara Veraguth;Frau Veraguth;;;Swiss art collector and art dealer;aliu;in ALIU-Berichten genannt (1944–1946)
Q1745143;Klaus Graf von Baudissin;Dr Wolf von Baudissin | Klaus Baudissin | Klaus Graf Baudissin | Klaus Wulf Sigesmund Graf von Baudissin | Klaus Wulf Sigesmund von Baudissin | Klaus von Baudissin | von Baudissin, Graf , Dr Wolf;1891;1961;German art historian, Nazi, museum director (1891–1961);aliu;in ALIU-Berichten genannt (1944–1946)
Q24188978;Kor Postma;Cor Postma | Cornelis Johannes Postma | Cornelius Postma | Cornelius, Kor Postma;1903;1977;Dutch art dealer (1903-1977);aliu;in ALIU-Berichten genannt (1944–1946)
Q1793847;Kurt Martin;;1899;1975;German art historian and museum director (1899-1975);aliu;in ALIU-Berichten genannt (1944–1946)
Q16185206;Kurt Walter Bachstitz;Bruno Walter Bachstitz | K. W. Bachstitz | K.W. Bachstitz | Kurt Bachstitz | Kurt Bruno Walter Bachstitz;1882;1949;Austrian-Dutch Art Dealer (1882-1949);aliu | restitution;in ALIU-Berichten genannt (1944–1946) | Bezug zu Entziehungs- oder Restitutionsfall
Q1794305;Kurt von Behr;Baron Kurt von Behr;1890;1945;German civil servant, head of ERR in France,Nazi art looting organization;aliu;in ALIU-Berichten genannt (1944–1946)
Q51211514;Lambert Jageneau;Jagenau | L. Jageneau | L.M.A. Jageneau | Lambert M.A. Jageneau;1879;1946;art dealer involved in founding the National Socialist Movement in Flanders;aliu;in ALIU-Berichten genannt (1944–1946)
Q56753719;Lars Bierbach;Ernst Bierbach;1905;;art trader, formerly film industry;aliu;in ALIU-Berichten genannt (1944–1946)
Q1642398;Leo Nardus;Leonardus Nardus | Leonardus Nardus Salomon | Leonardus Salomon | Leonardus Salomonson;1868;1955;Dutch Olympic fencer and art dealer-collector, plundered by Nazis because Jewish (1868-1955);verfolgung | restitution;dokumentierte NS-Verfolgung (§ 44 KGSG) | Bezug zu Entziehungs- oder Restitutionsfall
Q1818698;Leo Planiscig;Planiscig;1887;1952;Austrian art historian (1887–1952);aliu;in ALIU-Berichten genannt (1944–1946)
Q92411;Leopold Koppel;;1843;1933;German banker, industrialist, philanthropist and art collector persecuted by Nazis because Jewish (1843-1933);restitution;Bezug zu Entziehungs- oder Restitutionsfall
Q1819801;Leopold Reidemeister;;1900;1987;German art historian and museum director (1900-1987);aliu;in ALIU-Berichten genannt (1944–1946)
Q56807890;Leopold Ruprecht;Dr Leopold Ruprecht;1889;1967;Austrian art historian, amor expert Linz and Kunsthistorisches Institut, Vienna;aliu;in ALIU-Berichten genannt (1944–1946)
Q3261434;Louis Carré;Louis Carre;1897;1977;French art dealer (1897-1977);aliu;in ALIU-Berichten genannt (1944–1946)
Q560658;Louis Darquier de Pellepoix;Louis Darquier | Louis de Pellepoix;1897;1980;French Holocaust perpetrator (1897-1980);aliu;in ALIU-Berichten genannt (1944–1946)
Q47310030;Lucien Adrion;Adrion | L. Adrion | Lucien Philippe ADRION | Philippe Adrion | l. adrion;1889;1953;French painter and art dealer (1889-1953);aliu;in ALIU-Berichten genannt (1944–1946)
Q64217574;Lucien Baszanger;Lucien Salomon Baszanger;1890;1971;art dealer and jeweler (1890-1971);aliu;in ALIU-Berichten genannt (1944–1946)
Q65617;Ludwig Curtius;Ludwig Michael Curtius;1874;1954;German classical archeologist (1874-1954);aliu;in ALIU-Berichten genannt (1944–1946)
Q115164;Ludwig Heinrich Heydenreich;;1903;1978;German art historian (1903-1978);aliu;in ALIU-Berichten genannt (1944–1946)
Q109979019;Luigi Bellini;;1885;1956;Italian antiquarian seller (1885-1956);aliu;in ALIU-Berichten genannt (1944–1946)
Q84356421;M. O. Leegenhoek;Leegenhoek, Paris | M. Leegenhoek | M. Legenhoeck | M. Legenhoek | M.O. Leegenhoeck | M.O. Leegenhoek;;;Belgian art dealer active in France during the Vichy period, German occupation;aliu;in ALIU-Berichten genannt (1944–1946)
Q95753319;Margot Jansson;;1895;;Swedish born art dealer in France for Deutsche Reichsbank during the Nazi occupation;aliu;in ALIU-Berichten genannt (1944–1946)
Q15058864;Marguerite Fould;Madame Edgard Stern, Paris | Marguerite Louise Delphine Stern (Fould) | Marguerite Stern | Marguerite Stern (born Fould) | Marguerite Stern, geb. Fould | Marguerite Stern, née Fould;1866;1956;French painter and art collector (1886-1956);verfolgung | restitution;dokumentierte NS-Verfolgung (§ 44 KGSG) | Bezug zu Entziehungs- oder Restitutionsfall
Q1308305;Maria Almas-Dietrich;Maria Dietrich | Mme Maria Dietrich;1892;1971;art dealer, personal friend of Hitler (1892-1971);aliu;in ALIU-Berichten genannt (1944–1946)
Q51828076;Maria Schmidlin;Frau Schmidlin;;;German art dealer on ALIU Red Flag list;aliu;in ALIU-Berichten genannt (1944–1946)
Q90927;Marianne Breslauer;Marianne Breslauer Feilchenfeldt | Marianne Breslauer-Feilchenfeldt | Marianne Feilchenfeldt;1909;2001;German photographer and art dealer (1909-2001);restitution;Bezug zu Entziehungs- oder Restitutionsfall
Q100708933;Martin Fabiani;;1899;1989;French art dealer (1899-1989);aliu;in ALIU-Berichten genannt (1944–1946)
Q84435384;Maurice Lagrand;;;;art dealer, principal buyer and agent for Joseph Mühlmann at Paris;aliu;in ALIU-Berichten genannt (1944–1946)
Q1912453;Max Emden;Max J. Emden | Max James Emden;1874;1940;German Jewish merchant and art collector, persecuted by Nazis because Jewish (1874-1940);verfolgung | restitution;dokumentierte NS-Verfolgung (§ 44 KGSG) | Bezug zu Entziehungs- oder Restitutionsfall
Q62110;Max J. Friedländer;M.J. Friedländer | Max Friedlander | Max Jacob Friedländer | Max Jakob Friedländer;1867;1958;German curator and art historian (1867-1958);aliu;in ALIU-Berichten genannt (1944–1946)
Q59213853;Max Kaganowitsch;Kaganowitsch | Kaganowitsche | Max Kaganovitch;1891;1978;Russian empire born, French Jewish sculptor and art collector, refugee from Nazis (1891-1978);verfolgung | restitution;dokumentierte NS-Verfolgung (§ 44 KGSG) | Bezug zu Entziehungs- oder Restitutionsfall
Q1913457;Max Silberberg;Max Zilberberg | Sammlung Max Silberberg | Sammlung Silberberg;1878;;German Jewish entrepreneur and art collector (1878-1942) died Theresienstadt concentration camp;verfolgung | restitution;dokumentierte NS-Verfolgung (§ 44 KGSG) | Bezug zu Entziehungs- oder Restitutionsfall
Q214206;Max Stern;;1904;1987;German Jewish Canadian art dealer, persecuted by the Nazis (1904–1987);verfolgung | restitution;dokumentierte NS-Verfolgung (§ 44 KGSG) | Bezug zu Entziehungs- oder Restitutionsfall
Q68941151;Max Stöcklin;Max Stoecklin | Stöcklin, Max;1901;;Swiss agent in WWII involved in art trade;aliu;in ALIU-Berichten genannt (1944–1946)
Q1575206;Maximilian von Goldschmidt-Rothschild;Baron Max von Goldschmidt-Rothschild | Baron Maximilian von Goldschmidt-Rothschild | Maximilian Benedikt Hayum Goldschmidt | Maximilian Benedikt Heyum Goldschmidt-Rothschild | Maximilian von Goldschmidt;1843;1940;German banker (1843-1940);restitution;Bezug zu Entziehungs- oder Restitutionsfall
Q131765851;Michael Bauer;;1883;;German businessman and art dealer (1883 -;aliu;in ALIU-Berichten genannt (1944–1946)
Q6914840;Morton D. May;Morton David May;1914;1983;American philanthropist and art collector (1914-1983);restitution;Bezug zu Entziehungs- oder Restitutionsfall
Q113658980;Myrtil Frank;Myrtel Frank | Myrthel Frank | Myrtol Frank;1893;1968;German art dealer in Nazi looting organization Dienststelle Mühlmann (1893-1968);aliu;in ALIU-Berichten genannt (1944–1946)
Q69860245;Mór Lipót Herzog;Baron Herzog | Baron Mor Lipot Herzog | Baron Moritz Leopold Herzog de Csete | Baron Mór Lipót Herzog | Herzog de Csete | Mor Lipot Herzog | Moriz Leopold Herzog von Csete | Mór Lipót Herzog de Csete;1869;1934;Hungarian art collector (1869–1934);restitution;Bezug zu Entziehungs- oder Restitutionsfall
Q54957364;Nathan Katz;;1893;1949;Dutch art dealer, gallerist (1893-1949);aliu;in ALIU-Berichten genannt (1944–1946)
Q2908343;Olivier Allard;Baron Olivier Allard;1910;1981;Belgian art collector (1910-1981);aliu;in ALIU-Berichten genannt (1944–1946)
Q55680361;Oskar Reichel;Oscar Reichel;1869;1943;Austrian Jewish art collector persecuted by the Nazis (1869-1943);verfolgung | restitution;dokumentierte NS-Verfolgung (§ 44 KGSG) | Bezug zu Entziehungs- oder Restitutionsfall
Q126093951;Oswald Rieckmann;;;;German Consul in Berne under Nazis;aliu;in ALIU-Berichten genannt (1944–1946)
Q213615;Otto Abetz;Heinrich Otto Abetz | Otto Friedrich Abetz;1903;1958;Nazi Germany's ambassador to Vichy France during World War II, convicted of war crimes (1903–1958);aliu;in ALIU-Berichten genannt (1944–1946)
Q19754058;Otto Kallir;Otto Kallir-Nirenstein | Otto Nirenstein;1894;1978;Art dealer and publisher (1894-1978);restitution;Bezug zu Entziehungs- oder Restitutionsfall
Q47310686;Paul Cailleux;Marquis de Cayeux de Senarpont | Paul de Cailleux | Paul de Cayeux;1884;1964;French art dealer (1884-1964);aliu;in ALIU-Berichten genannt (1944–1946)
Q30010447;Paul Graupe;;1881;1953;antiquarian bookseller and art dealer (1881-1953);aliu;in ALIU-Berichten genannt (1944–1946)
Q13512883;Paul Lindpaintner;Otto Paul Lindpaintner | Otto Paul Lindpaintner d'Almeida;1883;1969;German tennis player and art dealer (1883-1969);aliu;in ALIU-Berichten genannt (1944–1946)
Q27908664;Paul Pétridès;O. Petrides | O. Pétridès | Paul Constantin Pétridès | Paul Petrides;1901;1993;art dealer and art collector (1901-1993), convicted of selling stolen paintings;aliu | restitution;in ALIU-Berichten genannt (1944–1946) | Bezug zu Entziehungs- oder Restitutionsfall
Q560643;Paul Rosenberg;;1881;1959;French art dealer (1881-1959);restitution;Bezug zu Entziehungs- oder Restitutionsfall
Q60741;Philipp von Hessen;Hessen, Philipp von, Landgraf | Philipp Prinz von Hessen | Philipp de Hesse-Kassel | Philipp von Hessen-Kassel | Philipp von Hessen-Kassel-Rumpenheim | Philipp von Hessen-Rumpenheim | Prince Philipp, Landgrave of Hesse;1896;1980;German prince, head of the Electoral House of Hesse and member of the Nazi Party (1896-1980);aliu;in ALIU-Berichten genannt (1944–1946)
Q54913140;Pierre Cailler;Pierre Caillier;1901;1971;publisher art books, catalogue raisonne (1901-1971);aliu;in ALIU-Berichten genannt (1944–1946)
Q60404899;Pierre Landry;;;;French art dealer during the German occupation of France;aliu;in ALIU-Berichten genannt (1944–1946)
Q123054866;Pierre Lottier;;;;businessman;aliu;in ALIU-Berichten genannt (1944–1946)
Q55698524;Piet de Boer;Pitt de Boer, Pieter de Boer, de Boer, Piet;1894;1974;Dutch art dealer, gallerist, collector (1894-1974);aliu;in ALIU-Berichten genannt (1944–1946)
Q2689062;Pieter Smidt van Gelder;P. Smit van Gelder | Smit van Gelder | same as P. Smit van Gelder (Q63393414) | same as Pieter Smit van Gelder Q2689062 | van Gelder;1878;1956;Dutch art collector (1878-1956);aliu;in ALIU-Berichten genannt (1944–1946)
Q19560718;Raoul Heilbronner;;1887;1941;German art dealer (1887-1941);aliu;in ALIU-Berichten genannt (1944–1946)
Q66619187;Raphael Stora;R. Stora;1888;;art dealer (1888-1963);aliu;in ALIU-Berichten genannt (1944–1946)
Q2029323;Raphaël Alibert;;1887;1963;French politician;aliu;in ALIU-Berichten genannt (1944–1946)
Q59192187;Raphaël Gérard;Raphael Gerard | Raphael Louis Felix Gérard;1886;1963;French art dealer (1886-1963) active during German occupation of France;aliu | restitution;in ALIU-Berichten genannt (1944–1946) | Bezug zu Entziehungs- oder Restitutionsfall
Q47487032;Raymond Nacenta;Raymond Nasenta;1950;1979;French art dealer, art historian;aliu;in ALIU-Berichten genannt (1944–1946)
Q47461662;Richard Ernst;Professor Richard Ernst;;;art historian, museum director, member ERR;aliu;in ALIU-Berichten genannt (1944–1946)
Q2158750;Robert Scholz;;1902;1981;chief adviser to Einsatzstab Reichsleiter Rosenberg in art matters, art historian, art journalist (1902 - 1981);aliu;in ALIU-Berichten genannt (1944–1946)
Q97643754;Robert de Bolli;Marquis de Bolli | de Bolli, Marquis Robert;;;Italian art dealer;aliu;in ALIU-Berichten genannt (1944–1946)
Q47490292;Roger Louis Adolphe Dequoy;Dequoy, Roger Louis Adolphe | Roger Dequoy;;;important art dealer during WWII;aliu;in ALIU-Berichten genannt (1944–1946)
Q20751600;Roland Balay;Roland Balaÿ | given away by roland balay | r. balay;1902;2004;Franco-american art dealer (1902-2004);aliu;in ALIU-Berichten genannt (1944–1946)
Q35134777;Rudolf Heinemann;Dr. Rudolf J. Heinemann | Dr. Rudolf Jakob Heinemann | Inc. Pinakos | Pinakos | R. Heinemann | Rudolf Heineman | Rudolf J Heinemann | Rudolf J. Heinemann | Rudolph Heinemann | Rudolph J Heinemann | Rudolph J. Heinemann | dr rudolph heinemann | dr. rudolf heinemann | inc pinakos | pinakos inc | pinakos inc. | rudolf heinemann;1901;1975;International art dealer, collector and adviser to Baron Hans Heinrich Thyssen-Bornemisza,(1901-1975);restitution;Bezug zu Entziehungs- oder Restitutionsfall
Q112038024;Rudolf Melander Holzapfel;R. Holzapfel | R. Holzapfel-Ward | Rudolf Holzapfel | Rudolf Holzapfel-Ward | Rudolf Melander | Rudolf Melander Holzapfel-Ward | Rudolf Ward Holzapfel | Rudolph Holzapfel Ward | Ward Holzapfel;;;German-American art collector and dealer (1900 - 1982);aliu;in ALIU-Berichten genannt (1944–1946)
Q2173667;Rudolf Ruscheweyh;Colonel Rudolf | Friedrich Ramstedt | Oberst Rudolf | Octogon-Trust | Rudolf Ruschewey | octogon-trust;1905;1954;German-Liechtensteiner arms dealer and Nazi spy;aliu;in ALIU-Berichten genannt (1944–1946)
Q45320084;Rudolpha Begeer;Rudolpha Jacoba Maria Begeer;1914;2009;pro-German Dutch collaborationist art dealer (1914 - 2009);aliu;in ALIU-Berichten genannt (1944–1946)
Q2630621;Salomon van Deventer;Sam van Deventer;1888;1972;Dutch art collector (1888-1972);aliu;in ALIU-Berichten genannt (1944–1946)
Q120147409;Simeon Hirschland;;;;Berlin banker and art collector working in Geneva;aliu;in ALIU-Berichten genannt (1944–1946)
Q15650453;Simon Meller;;1875;1949;Hungarian art historian (1875-1949);aliu;in ALIU-Berichten genannt (1944–1946)
Q1592391;Sophie Lissitzky-Küppers;Sophie Küppers | Sophie Lissitsky | Sophie Schneider;1891;1978;German art historian (1891-1978);restitution;Bezug zu Entziehungs- oder Restitutionsfall
Q16019235;Stephen Hahn;Stephan Hahn;1921;2011;American art dealer (1921-2011) and president of the Art Dealers Association;restitution;Bezug zu Entziehungs- oder Restitutionsfall
Q66619234;Theo Hermsen;Derek Hermsen | Derek Hermssen | Theo Hermessen | Theo Hermssen | Theo Hermssen Jr | Theodorus, Antonius HERMSEN;1905;1944;Dutch art dealer (1905-1944) worked with Hildebrand Gurlitt;aliu;in ALIU-Berichten genannt (1944–1946)
Q19429021;Theodor Fischer;;1878;1957;Swiss art dealer, key figure in auctioning looted art;aliu;in ALIU-Berichten genannt (1944–1946)
Q55630662;Thomas Mak van Weij;Mak van Waay;;;Dutch art professional employed by Dienststelle Muehlmann;aliu;in ALIU-Berichten genannt (1944–1946)
Q97556073;Ugo Jandolo;;;;art dealer;aliu;in ALIU-Berichten genannt (1944–1946)
Q106254226;Victor Bloch;Viktor Bloch;1883;1968;Austrian physician, victim of Nazi looting in Vienna, 1938;restitution;Bezug zu Entziehungs- oder Restitutionsfall
Q47487054;Vitalo Bloch;Blokh, V. S. | Vitale Bloch | Vitaly Bloch;1900;1975;art historian, purchasing agent and adviser to Muehlmann, Goepel (1900-1975);aliu;in ALIU-Berichten genannt (1944–1946)
Q18602666;Walter Andreas Hofer;W.A. Hofer, Berlin | Walter A. Hofer | Walter Hofer;1893;1975;German art plunderer and dealer on behalf of the Nazis, Director of the Goering Collection (1893-1975);aliu;in ALIU-Berichten genannt (1944–1946)
Q47461541;Walter Borchers;Borchers, Dr Walter;1906;1980;art historian, ERR member (1906–1980);aliu;in ALIU-Berichten genannt (1944–1946)
Q19766281;Walter Bornheim;;1888;1971;One of Goering’s most important buyers in France.;aliu;in ALIU-Berichten genannt (1944–1946)
Q15241018;Walter Frodl;;1908;1994;German art historian, Nazi party member (1908-1994);aliu;in ALIU-Berichten genannt (1944–1946)
Q58143956;Walter Paech;;;;German art dealer and gallery owner;aliu;in ALIU-Berichten genannt (1944–1946)
Q94932274;Walther Bernt;Dr. Berndt;1900;1980;German art historian (1900-1980);aliu;in ALIU-Berichten genannt (1944–1946)
Q2547507;Walther Wrede;Walter Wrede;1893;1990;German art historian and archaeologist, Nazi party member (1893-1990);aliu;in ALIU-Berichten genannt (1944–1946)
Q97097844;Wilhelm Grosshennig;;1893;1983;German art dealer (1893-1983);aliu;in ALIU-Berichten genannt (1944–1946)
Q109743313;Wilhelm Jacob Mohnen;Wilhelm Mohnen;;;German art dealer and espionage agent;aliu;in ALIU-Berichten genannt (1944–1946)
Q9374501;Wilhelm Palezieux;Wilhelm Ernst Palezieux | Wilhelm-Ernst von Palezieux;1906;1955;Swiss architect, employed by Nazis in Poland;aliu;in ALIU-Berichten genannt (1944–1946)
Q139827119;Willy Auping;Willy Auping Jr.;;;Dutch curator (d. 1947);aliu;in ALIU-Berichten genannt (1944–1946)
Q63604522;Wolff Braumüller;Braumüller | Dr Wolff Braumueller | Wolff Braumueller;;;German member of ERR Nazi art looting organisation in Paris;aliu;in ALIU-Berichten genannt (1944–1946)
Q19754149;Wolfgang Fritz Volbach;Wolfgang Volbach;1892;1988;German art historian;aliu;in ALIU-Berichten genannt (1944–1946)
Q141338411;Wolfgang Krueger;Wolfgang Krüger;;;director of Lepke auction house, Berlin;aliu;in ALIU-Berichten genannt (1944–1946)
Q30034424;Yves Perdoux;Ives Perdoux;1875;1952;French art dealer investigated for collaboration in WWII (1875-1952);aliu;in ALIU-Berichten genannt (1944–1946)
Q47310070;Zacharie Birtschansky;Birtchansky|Birchansky|Zacharia Birchansky | Zacharias Birtschansky | Zacharie Birtshansky;1889;1961;French art dealer (1889-1961);aliu | restitution;in ALIU-Berichten genannt (1944–1946) | Bezug zu Entziehungs- oder Restitutionsfall
Q57268310;Étienne Ader;Ader, Etienne | Maître Étienne Ade | Étienne Jean Ader;1903;1993;French art dealer and auctionneer (1912-;aliu;in ALIU-Berichten genannt (1944–1946)
Q20730464;Étienne Bignou;Bignou | Bignou Galerie | Bignou Gallery | Bignou's | E. Bignou | Etienne Bignou | Galerie Bignou | Inc. Bignou Gallery | Mr. Bignou | e. bignou | etienne bignou;1891;1950;French art dealer (1891-1950);aliu | restitution;in ALIU-Berichten genannt (1944–1946) | Bezug zu Entziehungs- oder Restitutionsfall
